X,CH1,CH2,Start,Increment,
Sequence,Volt,Volt,-2.40000e-03,2.00000e-06
0,-3.20000e-01,-9.20000e-01,
1,-2.00000e-01,-1.04000e+00,
2,-3.00000e-01,-1.00000e+00,
3,-1.60000e-01,-8.80000e-01,
4,-2.40000e-01,-9.60000e-01,
5,-1.40000e-01,-8.40000e-01,
6,-2.20000e-01,-9.20000e-01,
7,-1.20000e-01,-8.40000e-01,
8,-1.80000e-01,-8.80000e-01,
9,-8.00000e-02,-8.00000e-01,
10,-1.60000e-01,-8.40000e-01,
11,-6.00000e-02,-7.60000e-01,
12,-1.40000e-01,-8.40000e-01,
13,0.00000e+00,-7.20000e-01,
14,-1.00000e-01,-8.00000e-01,
15,2.00000e-02,-7.20000e-01,
16,-8.00000e-02,-7.60000e-01,
17,8.00000e-02,-6.80000e-01,
18,-2.00000e-02,-7.20000e-01,
19,8.00000e-02,-6.40000e-01,
20,7.40000e-01,-7.20000e-01,
21,-1.00000e-01,-6.00000e-01,
22,4.00000e-02,-6.80000e-01,
23,1.60000e-01,-6.00000e-01,
24,6.00000e-02,-6.40000e-01,
25,1.80000e-01,-5.60000e-01,
26,8.00000e-02,-5.60000e-01,
27,2.20000e-01,-4.80000e-01,
28,1.20000e-01,-4.80000e-01,
29,2.40000e-01,-6.00000e-01,
30,1.60000e-01,-5.20000e-01,
31,2.60000e-01,-4.40000e-01,
32,2.00000e-01,-4.80000e-01,
33,3.20000e-01,-4.00000e-01,
34,3.20000e-01,-4.80000e-01,
35,2.00000e-01,-3.60000e-01,
36,2.20000e-01,-4.40000e-01,
37,3.40000e-01,-3.60000e-01,
38,2.80000e-01,-4.00000e-01,
39,4.00000e-01,-3.20000e-01,
40,3.20000e-01,-3.60000e-01,
41,4.20000e-01,-2.80000e-01,
42,3.40000e-01,-3.20000e-01,
43,4.60000e-01,-2.40000e-01,
44,3.60000e-01,-2.40000e-01,
45,4.80000e-01,-3.20000e-01,
46,4.20000e-01,-2.80000e-01,
47,5.20000e-01,-2.00000e-01,
48,4.40000e-01,-2.40000e-01,
49,5.40000e-01,-1.60000e-01,
50,4.60000e-01,-1.60000e-01,
51,5.60000e-01,-2.40000e-01,
52,5.00000e-01,-2.00000e-01,
53,6.00000e-01,-8.00000e-02,
54,5.20000e-01,-2.00000e-01,
55,6.20000e-01,-8.00000e-02,
56,5.40000e-01,-1.20000e-01,
57,6.40000e-01,-4.00000e-02,
58,5.80000e-01,-8.00000e-02,
59,6.80000e-01,0.00000e+00,
60,6.00000e-01,-8.00000e-02,
61,7.00000e-01,0.00000e+00,
62,6.00000e-01,-4.00000e-02,
63,7.20000e-01,4.00000e-02,
64,6.40000e-01,0.00000e+00,
65,7.60000e-01,8.00000e-02,
66,7.60000e-01,8.00000e-02,
67,6.60000e-01,0.00000e+00,
68,6.80000e-01,4.00000e-02,
69,7.80000e-01,1.20000e-01,
70,7.20000e-01,1.20000e-01,
71,8.20000e-01,4.00000e-02,
72,7.40000e-01,8.00000e-02,
73,8.40000e-01,1.60000e-01,
74,7.60000e-01,1.60000e-01,
75,8.60000e-01,8.00000e-02,
76,7.60000e-01,1.20000e-01,
77,9.00000e-01,2.00000e-01,
78,8.00000e-01,2.00000e-01,
79,9.00000e-01,1.20000e-01,
80,8.20000e-01,1.20000e-01,
81,9.20000e-01,2.40000e-01,
82,8.40000e-01,2.40000e-01,
83,9.40000e-01,1.60000e-01,
84,8.40000e-01,2.40000e-01,
85,9.40000e-01,1.60000e-01,
86,8.80000e-01,2.00000e-01,
87,9.80000e-01,2.80000e-01,
88,9.80000e-01,2.80000e-01,
89,8.80000e-01,2.00000e-01,
90,9.00000e-01,3.60000e-01,
91,1.00000e+00,2.40000e-01,
92,9.20000e-01,3.60000e-01,
93,1.02000e+00,2.40000e-01,
94,9.20000e-01,2.80000e-01,
95,1.02000e+00,3.60000e-01,
96,1.02000e+00,3.20000e-01,
97,9.20000e-01,3.60000e-01,
98,9.60000e-01,3.20000e-01,
99,1.06000e+00,4.00000e-01,
100,9.60000e-01,3.20000e-01,
101,1.06000e+00,4.00000e-01,
102,9.80000e-01,4.00000e-01,
103,1.08000e+00,3.20000e-01,
104,9.80000e-01,3.60000e-01,
105,1.08000e+00,4.00000e-01,
106,1.10000e+00,3.60000e-01,
107,9.80000e-01,4.40000e-01,
108,1.00000e+00,4.40000e-01,
109,1.08000e+00,3.60000e-01,
110,1.00000e+00,4.40000e-01,
111,1.10000e+00,3.60000e-01,
112,1.12000e+00,4.40000e-01,
113,1.00000e+00,3.60000e-01,
114,1.10000e+00,4.40000e-01,
115,1.02000e+00,3.60000e-01,
116,1.04000e+00,4.00000e-01,
117,1.12000e+00,4.40000e-01,
118,1.04000e+00,4.00000e-01,
119,1.12000e+00,4.40000e-01,
120,1.04000e+00,4.00000e-01,
121,1.12000e+00,4.40000e-01,
122,1.04000e+00,4.40000e-01,
123,1.12000e+00,4.00000e-01,
124,1.14000e+00,4.40000e-01,
125,1.02000e+00,4.00000e-01,
126,1.04000e+00,4.40000e-01,
127,1.12000e+00,3.60000e-01,
128,1.04000e+00,4.00000e-01,
129,1.12000e+00,4.40000e-01,
130,1.12000e+00,4.00000e-01,
131,1.02000e+00,4.40000e-01,
132,1.12000e+00,4.40000e-01,
133,1.00000e+00,3.60000e-01,
134,1.10000e+00,3.60000e-01,
135,1.00000e+00,4.40000e-01,
136,1.10000e+00,3.60000e-01,
137,1.00000e+00,4.40000e-01,
138,1.00000e+00,3.60000e-01,
139,1.10000e+00,4.40000e-01,
140,1.08000e+00,3.60000e-01,
141,9.80000e-01,4.40000e-01,
142,1.08000e+00,3.60000e-01,
143,9.80000e-01,4.40000e-01,
144,9.60000e-01,4.00000e-01,
145,1.08000e+00,3.20000e-01,
146,9.40000e-01,4.00000e-01,
147,1.16000e+00,3.20000e-01,
148,1.06000e+00,4.00000e-01,
149,9.60000e-01,3.20000e-01,
150,1.02000e+00,3.20000e-01,
151,9.20000e-01,3.60000e-01,
152,1.02000e+00,3.60000e-01,
153,9.20000e-01,2.80000e-01,
154,1.00000e+00,3.60000e-01,
155,9.00000e-01,2.40000e-01,
156,9.00000e-01,3.20000e-01,
157,9.80000e-01,2.40000e-01,
158,9.80000e-01,2.80000e-01,
159,8.80000e-01,2.00000e-01,
160,9.80000e-01,2.80000e-01,
161,8.60000e-01,2.00000e-01,
162,9.40000e-01,2.40000e-01,
163,8.40000e-01,1.60000e-01,
164,9.20000e-01,2.40000e-01,
165,8.20000e-01,1.60000e-01,
166,9.00000e-01,2.40000e-01,
167,8.00000e-01,1.60000e-01,
168,9.00000e-01,2.00000e-01,
169,7.80000e-01,1.20000e-01,
170,8.60000e-01,2.00000e-01,
171,7.60000e-01,1.20000e-01,
172,8.40000e-01,1.60000e-01,
173,7.40000e-01,8.00000e-02,
174,7.40000e-01,8.00000e-02,
175,8.40000e-01,1.60000e-01,
176,8.20000e-01,1.20000e-01,
177,7.20000e-01,4.00000e-02,
178,7.80000e-01,4.00000e-02,
179,6.80000e-01,1.20000e-01,
180,7.60000e-01,8.00000e-02,
181,6.60000e-01,0.00000e+00,
182,7.20000e-01,4.00000e-02,
183,6.40000e-01,-4.00000e-02,
184,7.00000e-01,-4.00000e-02,
185,6.00000e-01,4.00000e-02,
186,7.00000e-01,0.00000e+00,
187,5.80000e-01,-8.00000e-02,
188,6.40000e-01,0.00000e+00,
189,5.60000e-01,-8.00000e-02,
190,6.20000e-01,-4.00000e-02,
191,5.20000e-01,-1.20000e-01,
192,6.20000e-01,-4.00000e-02,
193,5.00000e-01,-2.00000e-01,
194,5.80000e-01,-8.00000e-02,
195,4.60000e-01,-2.00000e-01,
196,5.60000e-01,-1.60000e-01,
197,4.40000e-01,-2.40000e-01,
198,5.40000e-01,-1.60000e-01,
199,4.20000e-01,-2.80000e-01,
200,5.20000e-01,-2.00000e-01,
201,3.80000e-01,-2.80000e-01,
202,4.80000e-01,-2.40000e-01,
203,3.60000e-01,-3.20000e-01,
204,3.40000e-01,-2.40000e-01,
205,4.40000e-01,-3.60000e-01,
206,4.00000e-01,-3.60000e-01,
207,2.80000e-01,-2.80000e-01,
208,3.80000e-01,-3.20000e-01,
209,2.60000e-01,-4.00000e-01,
210,3.40000e-01,-3.60000e-01,
211,2.40000e-01,-4.40000e-01,
212,3.20000e-01,-4.40000e-01,
213,2.20000e-01,-3.60000e-01,
214,3.00000e-01,-4.80000e-01,
215,1.80000e-01,-4.00000e-01,
216,2.60000e-01,-4.40000e-01,
217,1.40000e-01,-5.20000e-01,
218,2.20000e-01,-4.80000e-01,
219,1.20000e-01,-5.60000e-01,
220,2.20000e-01,-4.80000e-01,
221,8.00000e-02,-6.00000e-01,
222,1.60000e-01,-5.60000e-01,
223,4.00000e-02,-6.40000e-01,
224,1.40000e-01,-6.00000e-01,
225,4.00000e-02,-6.80000e-01,
226,1.00000e-01,-6.00000e-01,
227,0.00000e+00,-7.20000e-01,
228,-8.20000e-01,-6.40000e-01,
229,5.00000e-01,-7.60000e-01,
230,4.00000e-02,-6.80000e-01,
231,-8.00000e-02,-7.60000e-01,
232,2.00000e-02,-7.20000e-01,
233,-1.00000e-01,-8.00000e-01,
234,0.00000e+00,-7.20000e-01,
235,-1.80000e-01,-8.40000e-01,
236,-1.80000e-01,-7.60000e-01,
237,-4.00000e-02,-8.80000e-01,
238,-8.00000e-02,-8.00000e-01,
239,-1.80000e-01,-8.80000e-01,
240,-1.20000e-01,-8.40000e-01,
241,-2.20000e-01,-9.20000e-01,
242,-1.40000e-01,-9.20000e-01,
243,-2.60000e-01,-8.40000e-01,
244,-1.60000e-01,-8.80000e-01,
245,-2.80000e-01,-9.60000e-01,
246,-2.00000e-01,-9.20000e-01,
247,-3.20000e-01,-1.04000e+00,
248,-2.20000e-01,-9.60000e-01,
249,-3.40000e-01,-1.08000e+00,
250,-3.80000e-01,-1.00000e+00,
251,-2.20000e-01,-1.08000e+00,
252,-3.00000e-01,-1.04000e+00,
253,-4.00000e-01,-1.12000e+00,
254,-3.20000e-01,-1.08000e+00,
255,-4.40000e-01,-1.16000e+00,
256,-3.60000e-01,-1.16000e+00,
257,-4.60000e-01,-1.08000e+00,
258,-3.60000e-01,-1.12000e+00,
259,-4.80000e-01,-1.20000e+00,
260,-4.20000e-01,-1.12000e+00,
261,-5.20000e-01,-1.24000e+00,
262,-4.40000e-01,-1.24000e+00,
263,-5.60000e-01,-1.16000e+00,
264,-4.60000e-01,-1.20000e+00,
265,-5.60000e-01,-1.28000e+00,
266,-4.80000e-01,-1.28000e+00,
267,-6.00000e-01,-1.20000e+00,
268,-5.00000e-01,-1.32000e+00,
269,-6.40000e-01,-1.24000e+00,
270,-5.20000e-01,-1.28000e+00,
271,-6.60000e-01,-1.36000e+00,
272,-6.80000e-01,-1.36000e+00,
273,-5.80000e-01,-1.28000e+00,
274,-5.80000e-01,-1.32000e+00,
275,-7.00000e-01,-1.44000e+00,
276,-6.00000e-01,-1.32000e+00,
277,-7.20000e-01,-1.44000e+00,
278,-6.20000e-01,-1.40000e+00,
279,-7.40000e-01,-1.48000e+00,
280,-6.60000e-01,-1.40000e+00,
281,-7.60000e-01,-1.48000e+00,
282,-7.80000e-01,-1.44000e+00,
283,-6.60000e-01,-1.52000e+00,
284,-6.80000e-01,-1.44000e+00,
285,-8.20000e-01,-1.56000e+00,
286,-7.20000e-01,-1.48000e+00,
287,-8.40000e-01,-1.56000e+00,
288,-7.40000e-01,-1.48000e+00,
289,-8.40000e-01,-1.56000e+00,
290,-7.60000e-01,-1.52000e+00,
291,-8.60000e-01,-1.60000e+00,
292,-8.80000e-01,-1.52000e+00,
293,-7.60000e-01,-1.60000e+00,
294,-9.00000e-01,-1.56000e+00,
295,-7.80000e-01,-1.64000e+00,
296,-8.00000e-01,-1.56000e+00,
297,-9.20000e-01,-1.64000e+00,
298,-9.40000e-01,-1.56000e+00,
299,-8.00000e-01,-1.64000e+00,
300,-9.60000e-01,-1.60000e+00,
301,-8.00000e-01,-1.68000e+00,
302,-9.40000e-01,-1.60000e+00,
303,-8.40000e-01,-1.68000e+00,
304,-8.60000e-01,-1.68000e+00,
305,-9.80000e-01,-1.60000e+00,
306,-8.80000e-01,-1.64000e+00,
307,-9.80000e-01,-1.72000e+00,
308,-8.80000e-01,-1.64000e+00,
309,-1.00000e+00,-1.72000e+00,
310,-8.80000e-01,-1.64000e+00,
311,-1.02000e+00,-1.72000e+00,
312,-1.02000e+00,-1.64000e+00,
313,-8.80000e-01,-1.76000e+00,
314,-1.02000e+00,-1.68000e+00,
315,-9.00000e-01,-1.76000e+00,
316,-1.02000e+00,-1.68000e+00,
317,-9.20000e-01,-1.76000e+00,
318,-1.02000e+00,-1.68000e+00,
319,-9.20000e-01,-1.76000e+00,
320,-9.20000e-01,-1.68000e+00,
321,-1.04000e+00,-1.76000e+00,
322,-9.60000e-01,-1.76000e+00,
323,-1.04000e+00,-1.68000e+00,
324,-9.60000e-01,-1.76000e+00,
325,-1.06000e+00,-1.68000e+00,
326,-9.40000e-01,-1.76000e+00,
327,-1.08000e+00,-1.68000e+00,
328,-9.60000e-01,-1.76000e+00,
329,-1.06000e+00,-1.68000e+00,
330,-1.06000e+00,-1.76000e+00,
331,-9.60000e-01,-1.72000e+00,
332,-9.20000e-01,-1.76000e+00,
333,-1.06000e+00,-1.68000e+00,
334,-1.06000e+00,-1.80000e+00,
335,-9.40000e-01,-1.72000e+00,
336,-9.60000e-01,-1.76000e+00,
337,-1.06000e+00,-1.72000e+00,
338,-9.60000e-01,-1.76000e+00,
339,-1.06000e+00,-1.72000e+00,
340,-1.06000e+00,-1.72000e+00,
341,-9.60000e-01,-1.76000e+00,
342,-1.06000e+00,-1.76000e+00,
343,-9.20000e-01,-1.68000e+00,
344,-9.20000e-01,-1.68000e+00,
345,-1.06000e+00,-1.76000e+00,
346,-9.20000e-01,-1.76000e+00,
347,-1.06000e+00,-1.68000e+00,
348,-1.02000e+00,-1.68000e+00,
349,-9.20000e-01,-1.76000e+00,
350,-1.02000e+00,-1.72000e+00,
351,-9.00000e-01,-1.68000e+00,
352,-1.00000e+00,-1.72000e+00,
353,-9.00000e-01,-1.64000e+00,
354,-1.02000e+00,-1.64000e+00,
355,-8.80000e-01,-1.72000e+00,
356,-1.00000e+00,-1.72000e+00,
357,-8.80000e-01,-1.64000e+00,
358,-8.80000e-01,-1.68000e+00,
359,-9.80000e-01,-1.64000e+00,
360,-8.40000e-01,-1.68000e+00,
361,-9.80000e-01,-1.60000e+00,
362,-8.20000e-01,-1.68000e+00,
363,-9.60000e-01,-1.60000e+00,
364,-9.40000e-01,-1.60000e+00,
365,-8.20000e-01,-1.68000e+00,
366,-9.20000e-01,-1.64000e+00,
367,-8.20000e-01,-1.56000e+00,
368,-9.00000e-01,-1.64000e+00,
369,-8.00000e-01,-1.56000e+00,
370,-9.00000e-01,-1.60000e+00,
371,-7.80000e-01,-1.56000e+00,
372,-8.80000e-01,-1.60000e+00,
373,-7.40000e-01,-1.52000e+00,
374,-8.60000e-01,-1.60000e+00,
375,-7.20000e-01,-1.48000e+00,
376,-8.40000e-01,-1.56000e+00,
377,-7.20000e-01,-1.48000e+00,
378,-8.20000e-01,-1.48000e+00,
379,-7.00000e-01,-1.56000e+00,
380,-7.80000e-01,-1.52000e+00,
381,-6.80000e-01,-1.44000e+00,
382,-7.80000e-01,-1.44000e+00,
383,-6.60000e-01,-1.52000e+00,
384,-7.60000e-01,-1.48000e+00,
385,-6.20000e-01,-1.40000e+00,
386,-7.20000e-01,-1.40000e+00,
387,-6.00000e-01,-1.48000e+00,
388,-6.00000e-01,-1.44000e+00,
389,-7.00000e-01,-1.32000e+00,
390,-6.80000e-01,-1.40000e+00,
391,-5.80000e-01,-1.32000e+00,
392,-6.40000e-01,-1.36000e+00,
393,-5.40000e-01,-1.28000e+00,
394,-6.20000e-01,-1.36000e+00,
395,-5.20000e-01,-1.24000e+00,
396,-6.20000e-01,-1.24000e+00,
397,-5.00000e-01,-1.32000e+00,
398,-5.60000e-01,-1.28000e+00,
399,-4.60000e-01,-1.20000e+00,
400,-5.60000e-01,-1.28000e+00,
401,-4.40000e-01,-1.20000e+00,
402,-5.40000e-01,-1.24000e+00,
403,-4.20000e-01,-1.16000e+00,
404,-4.80000e-01,-1.20000e+00,
405,-3.80000e-01,-1.12000e+00,
406,-4.60000e-01,-1.12000e+00,
407,-3.60000e-01,-1.20000e+00,
408,-4.40000e-01,-1.16000e+00,
409,-3.20000e-01,-1.08000e+00,
410,-4.20000e-01,-1.12000e+00,
411,-3.00000e-01,-1.04000e+00,
412,-3.80000e-01,-1.12000e+00,
413,-2.80000e-01,-1.00000e+00,
414,-3.40000e-01,-1.00000e+00,
415,-2.40000e-01,-1.08000e+00,
416,-2.00000e-01,-1.04000e+00,
417,-3.40000e-01,-9.60000e-01,
418,-2.00000e-01,-1.04000e+00,
419,-3.20000e-01,-8.80000e-01,
420,-2.60000e-01,-9.60000e-01,
421,-1.40000e-01,-8.80000e-01,
422,-2.40000e-01,-9.20000e-01,
423,-1.20000e-01,-8.40000e-01,
424,-1.80000e-01,-8.80000e-01,
425,-8.00000e-02,-8.00000e-01,
426,-1.80000e-01,-8.80000e-01,
427,-6.00000e-02,-7.60000e-01,
428,-1.40000e-01,-7.60000e-01,
429,0.00000e+00,-8.40000e-01,
430,-1.00000e-01,-8.00000e-01,
431,0.00000e+00,-7.20000e-01,
432,-8.00000e-02,-7.60000e-01,
433,2.00000e-02,-6.80000e-01,
434,-4.00000e-02,-6.80000e-01,
435,8.00000e-02,-7.60000e-01,
436,7.20000e-01,-7.20000e-01,
437,-8.00000e-02,-6.40000e-01,
438,0.00000e+00,-6.80000e-01,
439,1.40000e-01,-6.00000e-01,
440,0.00000e+00,-6.80000e-01,
441,1.60000e-01,-5.60000e-01,
442,8.00000e-02,-5.60000e-01,
443,2.00000e-01,-6.40000e-01,
444,1.20000e-01,-5.60000e-01,
445,2.20000e-01,-4.80000e-01,
446,1.40000e-01,-5.20000e-01,
447,2.60000e-01,-4.40000e-01,
448,1.60000e-01,-5.20000e-01,
449,3.00000e-01,-4.00000e-01,
450,2.00000e-01,-4.80000e-01,
451,3.20000e-01,-4.00000e-01,
452,2.40000e-01,-4.40000e-01,
453,3.40000e-01,-3.60000e-01,
454,2.80000e-01,-4.00000e-01,
455,3.80000e-01,-3.20000e-01,
456,3.00000e-01,-4.00000e-01,
457,4.20000e-01,-2.80000e-01,
458,3.40000e-01,-2.80000e-01,
459,4.40000e-01,-3.60000e-01,
460,3.60000e-01,-3.20000e-01,
461,4.60000e-01,-2.40000e-01,
462,3.80000e-01,-2.80000e-01,
463,4.80000e-01,-2.00000e-01,
464,4.20000e-01,-2.00000e-01,
465,5.20000e-01,-2.80000e-01,
466,4.40000e-01,-2.40000e-01,
467,5.40000e-01,-1.60000e-01,
468,4.60000e-01,-2.00000e-01,
469,5.80000e-01,-1.20000e-01,
470,5.00000e-01,-2.00000e-01,
471,6.20000e-01,-8.00000e-02,
472,5.20000e-01,-1.20000e-01,
473,6.40000e-01,-4.00000e-02,
474,5.40000e-01,-1.20000e-01,
475,6.60000e-01,0.00000e+00,
476,5.80000e-01,-8.00000e-02,
477,6.80000e-01,0.00000e+00,
478,6.00000e-01,-4.00000e-02,
479,7.40000e-01,4.00000e-02,
480,6.00000e-01,-4.00000e-02,
481,7.40000e-01,4.00000e-02,
482,6.60000e-01,0.00000e+00,
483,7.60000e-01,8.00000e-02,
484,6.80000e-01,8.00000e-02,
485,7.80000e-01,0.00000e+00,
486,7.20000e-01,1.20000e-01,
487,8.00000e-01,4.00000e-02,
488,8.20000e-01,8.00000e-02,
489,7.40000e-01,1.60000e-01,
490,7.40000e-01,8.00000e-02,
491,8.60000e-01,2.00000e-01,
492,8.60000e-01,1.20000e-01,
493,7.60000e-01,1.60000e-01,
494,8.00000e-01,1.20000e-01,
495,9.00000e-01,2.00000e-01,
496,8.20000e-01,2.00000e-01,
497,9.00000e-01,1.60000e-01,
498,8.20000e-01,1.60000e-01,
499,9.20000e-01,2.40000e-01,
500,8.40000e-01,2.40000e-01,
501,9.40000e-01,1.60000e-01,
502,8.40000e-01,2.00000e-01,
503,9.80000e-01,2.80000e-01,
504,8.80000e-01,2.80000e-01,
505,9.80000e-01,2.00000e-01,
506,8.80000e-01,2.40000e-01,
507,1.00000e+00,3.20000e-01,
508,1.00000e+00,2.80000e-01,
509,9.00000e-01,3.60000e-01,
510,9.20000e-01,2.40000e-01,
511,1.02000e+00,3.60000e-01,
512,1.02000e+00,3.20000e-01,
513,9.20000e-01,3.60000e-01,
514,9.60000e-01,3.20000e-01,
515,1.04000e+00,4.00000e-01,
516,9.60000e-01,4.00000e-01,
517,1.06000e+00,3.20000e-01,
518,9.80000e-01,3.20000e-01,
519,1.06000e+00,4.00000e-01,
520,9.80000e-01,3.60000e-01,
521,1.08000e+00,4.00000e-01,
522,9.80000e-01,3.60000e-01,
523,1.08000e+00,4.00000e-01,
524,9.80000e-01,3.60000e-01,
525,1.08000e+00,4.40000e-01,
526,1.08000e+00,3.60000e-01,
527,1.00000e+00,4.40000e-01,
528,1.10000e+00,3.60000e-01,
529,1.00000e+00,4.40000e-01,
530,1.12000e+00,3.60000e-01,
531,1.00000e+00,4.40000e-01,
532,1.12000e+00,4.00000e-01,
533,1.00000e+00,4.40000e-01,
534,1.04000e+00,4.00000e-01,
535,1.12000e+00,4.40000e-01,
536,1.02000e+00,4.00000e-01,
537,1.14000e+00,4.80000e-01,
538,1.02000e+00,4.40000e-01,
539,1.14000e+00,3.60000e-01,
540,1.04000e+00,4.00000e-01,
541,1.12000e+00,4.40000e-01,
542,1.14000e+00,4.40000e-01,
543,1.02000e+00,4.00000e-01,
544,1.02000e+00,4.40000e-01,
545,1.12000e+00,3.60000e-01,
546,1.04000e+00,4.00000e-01,
547,1.12000e+00,4.40000e-01,
548,1.12000e+00,4.40000e-01,
549,1.02000e+00,4.00000e-01,
550,1.10000e+00,4.40000e-01,
551,1.02000e+00,3.60000e-01,
552,1.12000e+00,4.40000e-01,
553,1.00000e+00,3.60000e-01,
554,9.80000e-01,3.60000e-01,
555,1.10000e+00,4.40000e-01,
556,9.80000e-01,4.40000e-01,
557,1.10000e+00,3.60000e-01,
558,1.08000e+00,3.60000e-01,
559,9.80000e-01,4.40000e-01,
560,9.80000e-01,3.60000e-01,
561,1.06000e+00,4.00000e-01,
562,1.06000e+00,4.00000e-01,
563,9.60000e-01,3.20000e-01,
564,9.60000e-01,3.20000e-01,
565,1.06000e+00,4.00000e-01,
566,1.04000e+00,3.20000e-01,
567,9.20000e-01,4.00000e-01,
568,1.02000e+00,3.60000e-01,
569,9.20000e-01,2.80000e-01,
570,1.02000e+00,3.60000e-01,
571,9.00000e-01,2.40000e-01,
572,1.00000e+00,3.60000e-01,
573,9.00000e-01,2.40000e-01,
574,9.80000e-01,2.80000e-01,
575,8.80000e-01,2.00000e-01,
576,9.60000e-01,2.80000e-01,
577,8.80000e-01,2.00000e-01,
578,9.40000e-01,2.80000e-01,
579,8.40000e-01,2.00000e-01,
580,9.40000e-01,2.40000e-01,
581,8.40000e-01,1.60000e-01,
582,9.20000e-01,1.60000e-01,
583,8.20000e-01,2.40000e-01,
584,9.00000e-01,2.00000e-01,
585,7.60000e-01,1.20000e-01,
586,8.80000e-01,2.00000e-01,
587,7.80000e-01,1.20000e-01,
588,8.60000e-01,1.60000e-01,
589,7.60000e-01,8.00000e-02,
590,8.40000e-01,1.60000e-01,
591,7.40000e-01,8.00000e-02,
592,8.20000e-01,1.20000e-01,
593,7.20000e-01,4.00000e-02,
594,7.80000e-01,1.20000e-01,
595,6.80000e-01,4.00000e-02,
596,7.60000e-01,8.00000e-02,
597,6.80000e-01,0.00000e+00,
598,6.60000e-01,8.00000e-02,
599,7.60000e-01,0.00000e+00,
600,7.20000e-01,4.00000e-02,
601,6.20000e-01,-4.00000e-02,
602,7.00000e-01,-4.00000e-02,
603,6.00000e-01,4.00000e-02,
604,6.80000e-01,0.00000e+00,
605,5.60000e-01,-8.00000e-02,
606,6.60000e-01,0.00000e+00,
607,5.20000e-01,-1.20000e-01,
608,6.20000e-01,-1.20000e-01,
609,5.20000e-01,-4.00000e-02,
610,6.00000e-01,-8.00000e-02,
611,5.00000e-01,-2.00000e-01,
612,5.60000e-01,-8.00000e-02,
613,4.60000e-01,-2.40000e-01,
614,5.40000e-01,-1.60000e-01,
615,4.40000e-01,-2.40000e-01,
616,5.20000e-01,-2.00000e-01,
617,3.80000e-01,-2.80000e-01,
618,4.80000e-01,-2.00000e-01,
619,3.40000e-01,-3.20000e-01,
620,4.60000e-01,-2.40000e-01,
621,3.60000e-01,-3.20000e-01,
622,4.40000e-01,-2.80000e-01,
623,3.20000e-01,-3.60000e-01,
624,4.00000e-01,-2.80000e-01,
625,2.80000e-01,-4.00000e-01,
626,3.80000e-01,-4.00000e-01,
627,2.60000e-01,-3.20000e-01,
628,3.40000e-01,-3.60000e-01,
629,2.20000e-01,-4.40000e-01,
630,3.00000e-01,-4.00000e-01,
631,2.00000e-01,-4.80000e-01,
632,1.60000e-01,-4.00000e-01,
633,2.80000e-01,-5.20000e-01,
634,2.40000e-01,-4.40000e-01,
635,1.40000e-01,-5.20000e-01,
636,2.20000e-01,-4.80000e-01,
637,1.00000e-01,-6.00000e-01,
638,1.80000e-01,-5.20000e-01,
639,8.00000e-02,-6.40000e-01,
640,1.60000e-01,-5.60000e-01,
641,4.00000e-02,-6.80000e-01,
642,1.20000e-01,-6.00000e-01,
643,0.00000e+00,-6.80000e-01,
644,-8.40000e-01,-6.40000e-01,
645,4.20000e-01,-7.20000e-01,
646,8.00000e-02,-6.40000e-01,
647,-6.00000e-02,-7.60000e-01,
648,-8.00000e-02,-6.80000e-01,
649,4.00000e-02,-7.60000e-01,
650,0.00000e+00,-7.20000e-01,
651,-1.20000e-01,-8.00000e-01,
652,-4.00000e-02,-7.60000e-01,
653,-1.40000e-01,-8.40000e-01,
654,-6.00000e-02,-7.60000e-01,
655,-1.80000e-01,-8.80000e-01,
656,-1.00000e-01,-8.80000e-01,
657,-2.20000e-01,-8.00000e-01,
658,-1.40000e-01,-8.40000e-01,
659,-2.40000e-01,-9.20000e-01,
660,-2.60000e-01,-8.80000e-01,
661,-1.40000e-01,-9.60000e-01,
662,-3.00000e-01,-8.80000e-01,
663,-1.60000e-01,-1.00000e+00,
664,-2.20000e-01,-9.60000e-01,
665,-3.20000e-01,-1.04000e+00,
666,-2.40000e-01,-1.00000e+00,
667,-3.60000e-01,-1.08000e+00,
668,-2.40000e-01,-1.00000e+00,
669,-4.00000e-01,-1.12000e+00,
670,-3.00000e-01,-1.04000e+00,
671,-4.20000e-01,-1.12000e+00,
672,-3.40000e-01,-1.08000e+00,
673,-4.40000e-01,-1.16000e+00,
674,-3.60000e-01,-1.12000e+00,
675,-4.60000e-01,-1.20000e+00,
676,-3.80000e-01,-1.12000e+00,
677,-5.00000e-01,-1.20000e+00,
678,-4.20000e-01,-1.16000e+00,
679,-5.40000e-01,-1.24000e+00,
680,-5.60000e-01,-1.16000e+00,
681,-4.20000e-01,-1.28000e+00,
682,-4.40000e-01,-1.20000e+00,
683,-6.20000e-01,-1.28000e+00,
684,-5.00000e-01,-1.24000e+00,
685,-6.20000e-01,-1.32000e+00,
686,-5.20000e-01,-1.32000e+00,
687,-6.40000e-01,-1.24000e+00,
688,-5.40000e-01,-1.28000e+00,
689,-6.80000e-01,-1.36000e+00,
690,-5.40000e-01,-1.28000e+00,
691,-7.00000e-01,-1.40000e+00,
692,-6.00000e-01,-1.44000e+00,
693,-7.00000e-01,-1.32000e+00,
694,-7.20000e-01,-1.40000e+00,
695,-6.00000e-01,-1.48000e+00,
696,-7.60000e-01,-1.40000e+00,
697,-6.40000e-01,-1.48000e+00,
698,-6.60000e-01,-1.44000e+00,
699,-7.80000e-01,-1.52000e+00,
700,-7.80000e-01,-1.44000e+00,
701,-6.80000e-01,-1.52000e+00,
702,-7.00000e-01,-1.48000e+00,
703,-8.20000e-01,-1.56000e+00,
704,-7.20000e-01,-1.56000e+00,
705,-8.40000e-01,-1.48000e+00,
706,-7.40000e-01,-1.52000e+00,
707,-8.60000e-01,-1.56000e+00,
708,-8.80000e-01,-1.52000e+00,
709,-7.40000e-01,-1.60000e+00,
710,-9.00000e-01,-1.52000e+00,
711,-7.60000e-01,-1.60000e+00,
712,-8.00000e-01,-1.56000e+00,
713,-9.00000e-01,-1.64000e+00,
714,-8.20000e-01,-1.64000e+00,
715,-9.20000e-01,-1.56000e+00,
716,-8.20000e-01,-1.60000e+00,
717,-9.40000e-01,-1.64000e+00,
718,-8.40000e-01,-1.60000e+00,
719,-9.40000e-01,-1.68000e+00,
720,-8.40000e-01,-1.60000e+00,
721,-9.80000e-01,-1.68000e+00,
722,-9.80000e-01,-1.60000e+00,
723,-8.40000e-01,-1.72000e+00,
724,-8.80000e-01,-1.64000e+00,
725,-1.00000e+00,-1.72000e+00,
726,-9.00000e-01,-1.72000e+00,
727,-1.00000e+00,-1.64000e+00,
728,-1.00000e+00,-1.72000e+00,
729,-8.80000e-01,-1.64000e+00,
730,-1.06000e+00,-1.68000e+00,
731,-8.80000e-01,-1.76000e+00,
732,-1.02000e+00,-1.68000e+00,
733,-9.20000e-01,-1.76000e+00,
734,-1.02000e+00,-1.68000e+00,
735,-9.20000e-01,-1.76000e+00,
736,-1.02000e+00,-1.76000e+00,
737,-9.40000e-01,-1.68000e+00,
738,-1.02000e+00,-1.68000e+00,
739,-9.40000e-01,-1.76000e+00,
740,-9.60000e-01,-1.76000e+00,
741,-1.06000e+00,-1.68000e+00,
742,-1.06000e+00,-1.76000e+00,
743,-9.20000e-01,-1.68000e+00,
744,-9.60000e-01,-1.72000e+00,
745,-1.06000e+00,-1.76000e+00,
746,-9.60000e-01,-1.76000e+00,
747,-1.06000e+00,-1.72000e+00,
748,-9.60000e-01,-1.72000e+00,
749,-1.06000e+00,-1.76000e+00,
750,-1.08000e+00,-1.72000e+00,
751,-9.40000e-01,-1.80000e+00,
752,-1.08000e+00,-1.76000e+00,
753,-9.40000e-01,-1.68000e+00,
754,-9.60000e-01,-1.76000e+00,
755,-1.06000e+00,-1.72000e+00,
756,-1.06000e+00,-1.76000e+00,
757,-9.40000e-01,-1.68000e+00,
758,-1.06000e+00,-1.76000e+00,
759,-9.40000e-01,-1.68000e+00,
760,-1.06000e+00,-1.76000e+00,
761,-9.40000e-01,-1.68000e+00,
762,-1.04000e+00,-1.76000e+00,
763,-9.20000e-01,-1.68000e+00,
764,-1.02000e+00,-1.76000e+00,
765,-9.20000e-01,-1.68000e+00,
766,-9.20000e-01,-1.76000e+00,
767,-1.02000e+00,-1.68000e+00,
768,-1.00000e+00,-1.72000e+00,
769,-9.00000e-01,-1.68000e+00,
770,-9.00000e-01,-1.72000e+00,
771,-1.04000e+00,-1.64000e+00,
772,-1.00000e+00,-1.72000e+00,
773,-8.80000e-01,-1.64000e+00,
774,-9.80000e-01,-1.64000e+00,
775,-8.80000e-01,-1.72000e+00,
776,-9.80000e-01,-1.68000e+00,
777,-8.80000e-01,-1.64000e+00,
778,-9.40000e-01,-1.68000e+00,
779,-8.40000e-01,-1.60000e+00,
780,-8.40000e-01,-1.68000e+00,
781,-9.40000e-01,-1.60000e+00,
782,-9.20000e-01,-1.64000e+00,
783,-8.20000e-01,-1.56000e+00,
784,-9.20000e-01,-1.64000e+00,
785,-8.00000e-01,-1.56000e+00,
786,-9.00000e-01,-1.64000e+00,
787,-7.80000e-01,-1.56000e+00,
788,-9.00000e-01,-1.60000e+00,
789,-7.60000e-01,-1.52000e+00,
790,-7.40000e-01,-1.52000e+00,
791,-8.80000e-01,-1.60000e+00,
792,-8.60000e-01,-1.52000e+00,
793,-7.20000e-01,-1.60000e+00,
794,-8.40000e-01,-1.56000e+00,
795,-7.20000e-01,-1.48000e+00,
796,-8.20000e-01,-1.56000e+00,
797,-7.00000e-01,-1.48000e+00,
798,-7.80000e-01,-1.52000e+00,
799,-6.80000e-01,-1.44000e+00,
800,-7.60000e-01,-1.52000e+00,
801,-6.60000e-01,-1.44000e+00,
802,-7.40000e-01,-1.48000e+00,
803,-6.20000e-01,-1.40000e+00,
804,-6.00000e-01,-1.44000e+00,
805,-7.20000e-01,-1.36000e+00,
806,-7.00000e-01,-1.44000e+00,
807,-5.80000e-01,-1.32000e+00,
808,-6.80000e-01,-1.36000e+00,
809,-5.60000e-01,-1.28000e+00,
810,-6.40000e-01,-1.36000e+00,
811,-5.40000e-01,-1.28000e+00,
812,-6.20000e-01,-1.32000e+00,
813,-5.00000e-01,-1.24000e+00,
814,-4.80000e-01,-1.32000e+00,
815,-6.20000e-01,-1.20000e+00,
816,-5.60000e-01,-1.28000e+00,
817,-4.60000e-01,-1.20000e+00,
818,-4.20000e-01,-1.24000e+00,
819,-5.60000e-01,-1.16000e+00,
820,-5.20000e-01,-1.24000e+00,
821,-3.80000e-01,-1.16000e+00,
822,-5.00000e-01,-1.20000e+00,
823,-3.60000e-01,-1.12000e+00,
824,-3.60000e-01,-1.16000e+00,
825,-4.60000e-01,-1.08000e+00,
826,-3.20000e-01,-1.08000e+00,
827,-4.40000e-01,-1.16000e+00,
828,-4.00000e-01,-1.12000e+00,
829,-2.80000e-01,-1.04000e+00,
830,-3.80000e-01,-1.08000e+00,
831,-2.60000e-01,-1.00000e+00,
832,-3.40000e-01,-1.08000e+00,
833,-2.20000e-01,-9.60000e-01,
834,-3.00000e-01,-9.20000e-01,
835,-2.00000e-01,-1.04000e+00,
836,-2.60000e-01,-9.60000e-01,
837,-1.60000e-01,-8.80000e-01,
838,-2.40000e-01,-9.20000e-01,
839,-1.40000e-01,-8.40000e-01,
840,-2.20000e-01,-8.40000e-01,
841,-1.20000e-01,-9.20000e-01,
842,-1.80000e-01,-8.80000e-01,
843,-6.00000e-02,-8.00000e-01,
844,-1.60000e-01,-8.40000e-01,
845,-4.00000e-02,-7.60000e-01,
846,-1.20000e-01,-8.40000e-01,
847,0.00000e+00,-7.20000e-01,
848,-8.00000e-02,-8.00000e-01,
849,4.00000e-02,-6.80000e-01,
850,-6.00000e-02,-7.60000e-01,
851,4.00000e-02,-6.80000e-01,
852,-2.00000e-02,-7.20000e-01,
853,1.00000e-01,-6.40000e-01,
854,7.40000e-01,-6.80000e-01,
855,-1.20000e-01,-6.00000e-01,
856,4.00000e-02,-6.00000e-01,
857,1.60000e-01,-6.80000e-01,
858,6.00000e-02,-6.40000e-01,
859,1.80000e-01,-5.60000e-01,
860,8.00000e-02,-6.00000e-01,
861,2.20000e-01,-5.20000e-01,
862,1.40000e-01,-5.60000e-01,
863,2.40000e-01,-4.40000e-01,
864,1.60000e-01,-4.40000e-01,
865,2.60000e-01,-5.20000e-01,
866,2.00000e-01,-4.80000e-01,
867,3.00000e-01,-4.00000e-01,
868,1.80000e-01,-3.60000e-01,
869,3.80000e-01,-4.80000e-01,
870,2.40000e-01,-4.40000e-01,
871,3.80000e-01,-3.20000e-01,
872,2.80000e-01,-4.00000e-01,
873,4.00000e-01,-3.20000e-01,
874,3.40000e-01,-3.60000e-01,
875,4.20000e-01,-2.80000e-01,
876,3.40000e-01,-3.60000e-01,
877,4.60000e-01,-2.40000e-01,
878,3.60000e-01,-2.40000e-01,
879,4.80000e-01,-3.20000e-01,
880,4.20000e-01,-2.80000e-01,
881,5.40000e-01,-2.00000e-01,
882,4.40000e-01,-2.80000e-01,
883,5.60000e-01,-1.60000e-01,
884,4.60000e-01,-1.60000e-01,
885,5.60000e-01,-2.40000e-01,
886,5.00000e-01,-2.00000e-01,
887,6.00000e-01,-8.00000e-02,
888,5.20000e-01,-2.00000e-01,
889,6.20000e-01,-8.00000e-02,
890,5.40000e-01,-1.20000e-01,
891,6.40000e-01,-4.00000e-02,
892,5.80000e-01,-8.00000e-02,
893,6.80000e-01,0.00000e+00,
894,8.20000e-01,-8.00000e-02,
895,5.00000e-01,0.00000e+00,
896,6.00000e-01,-4.00000e-02,
897,7.60000e-01,4.00000e-02,
898,6.40000e-01,-4.00000e-02,
899,7.60000e-01,8.00000e-02,
900,6.60000e-01,0.00000e+00,
901,7.80000e-01,8.00000e-02,
902,7.80000e-01,4.00000e-02,
903,6.80000e-01,1.20000e-01,
904,7.20000e-01,1.20000e-01,
905,8.20000e-01,4.00000e-02,
906,7.40000e-01,8.00000e-02,
907,8.40000e-01,1.60000e-01,
908,7.60000e-01,1.60000e-01,
909,8.60000e-01,8.00000e-02,
910,8.00000e-01,1.20000e-01,
911,8.80000e-01,2.00000e-01,
912,9.00000e-01,1.20000e-01,
913,8.00000e-01,2.00000e-01,
914,8.20000e-01,1.60000e-01,
915,9.20000e-01,2.40000e-01,
916,8.40000e-01,2.40000e-01,
917,9.40000e-01,1.60000e-01,
918,9.40000e-01,2.00000e-01,
919,8.40000e-01,2.40000e-01,
920,8.80000e-01,2.80000e-01,
921,9.80000e-01,2.00000e-01,
922,9.00000e-01,2.80000e-01,
923,9.80000e-01,2.00000e-01,
924,9.00000e-01,2.40000e-01,
925,1.00000e+00,3.60000e-01,
926,1.00000e+00,3.60000e-01,
927,9.20000e-01,2.40000e-01,
928,1.02000e+00,2.80000e-01,
929,9.20000e-01,3.60000e-01,
930,9.40000e-01,3.20000e-01,
931,1.06000e+00,3.60000e-01,
932,9.60000e-01,3.20000e-01,
933,1.06000e+00,4.00000e-01,
934,1.06000e+00,4.00000e-01,
935,9.60000e-01,3.20000e-01,
936,9.80000e-01,4.00000e-01,
937,1.08000e+00,3.20000e-01,
938,9.80000e-01,3.60000e-01,
939,1.08000e+00,4.40000e-01,
940,1.00000e+00,3.60000e-01,
941,1.10000e+00,4.40000e-01,
942,1.08000e+00,3.60000e-01,
943,1.00000e+00,4.40000e-01,
944,1.00000e+00,4.40000e-01,
945,1.10000e+00,3.60000e-01,
946,1.02000e+00,4.40000e-01,
947,1.10000e+00,3.60000e-01,
948,1.04000e+00,4.00000e-01,
949,1.10000e+00,4.40000e-01,
950,1.04000e+00,4.00000e-01,
951,1.12000e+00,4.40000e-01,
952,1.12000e+00,4.00000e-01,
953,1.02000e+00,4.80000e-01,
954,1.04000e+00,4.00000e-01,
955,1.12000e+00,4.40000e-01,
956,1.04000e+00,4.00000e-01,
957,1.12000e+00,4.40000e-01,
958,1.04000e+00,4.40000e-01,
959,1.10000e+00,4.00000e-01,
960,1.14000e+00,4.00000e-01,
961,1.02000e+00,4.40000e-01,
962,1.00000e+00,4.40000e-01,
963,1.14000e+00,3.60000e-01,
964,1.04000e+00,4.00000e-01,
965,1.12000e+00,4.40000e-01,
966,1.12000e+00,4.40000e-01,
967,1.00000e+00,3.60000e-01,
968,1.10000e+00,4.40000e-01,
969,1.00000e+00,3.60000e-01,
970,1.08000e+00,4.40000e-01,
971,1.00000e+00,3.60000e-01,
972,1.08000e+00,4.40000e-01,
973,1.00000e+00,3.60000e-01,
974,1.08000e+00,3.60000e-01,
975,1.00000e+00,4.40000e-01,
976,1.08000e+00,3.60000e-01,
977,9.80000e-01,4.00000e-01,
978,9.80000e-01,3.60000e-01,
979,1.06000e+00,4.00000e-01,
980,1.06000e+00,3.20000e-01,
981,9.60000e-01,4.00000e-01,
982,9.60000e-01,3.20000e-01,
983,1.06000e+00,4.00000e-01,
984,1.02000e+00,3.20000e-01,
985,9.20000e-01,3.60000e-01,
986,1.02000e+00,3.60000e-01,
987,9.20000e-01,2.40000e-01,
988,1.00000e+00,3.60000e-01,
989,9.00000e-01,2.40000e-01,
990,9.00000e-01,2.80000e-01,
991,1.00000e+00,2.80000e-01,
992,9.80000e-01,2.80000e-01,
993,8.80000e-01,2.00000e-01,
994,9.60000e-01,2.80000e-01,
995,8.40000e-01,2.00000e-01,
996,9.40000e-01,2.40000e-01,
997,8.20000e-01,1.60000e-01,
998,9.20000e-01,2.40000e-01,
999,8.20000e-01,1.60000e-01,
1000,8.00000e-01,1.60000e-01,
1001,9.20000e-01,2.40000e-01,
1002,9.00000e-01,2.00000e-01,
1003,7.80000e-01,1.20000e-01,
1004,8.60000e-01,2.00000e-01,
1005,7.60000e-01,1.20000e-01,
1006,8.40000e-01,1.60000e-01,
1007,7.40000e-01,8.00000e-02,
1008,8.40000e-01,1.60000e-01,
1009,7.40000e-01,8.00000e-02,
1010,7.20000e-01,1.20000e-01,
1011,8.20000e-01,4.00000e-02,
1012,7.80000e-01,1.20000e-01,
1013,6.80000e-01,0.00000e+00,
1014,6.60000e-01,8.00000e-02,
1015,7.80000e-01,0.00000e+00,
1016,7.40000e-01,4.00000e-02,
1017,6.20000e-01,-4.00000e-02,
1018,7.00000e-01,4.00000e-02,
1019,6.00000e-01,-4.00000e-02,
1020,6.80000e-01,0.00000e+00,
1021,5.80000e-01,-8.00000e-02,
1022,6.60000e-01,-8.00000e-02,
1023,5.40000e-01,0.00000e+00,
1024,6.40000e-01,-4.00000e-02,
1025,5.20000e-01,-1.20000e-01,
1026,5.20000e-01,-4.00000e-02,
1027,6.00000e-01,-1.60000e-01,
1028,6.00000e-01,-2.00000e-01,
1029,4.80000e-01,-8.00000e-02,
1030,5.60000e-01,-1.60000e-01,
1031,4.40000e-01,-2.40000e-01,
1032,5.40000e-01,-1.60000e-01,
1033,4.20000e-01,-2.80000e-01,
1034,5.00000e-01,-2.00000e-01,
1035,3.80000e-01,-2.80000e-01,
1036,4.80000e-01,-2.40000e-01,
1037,3.60000e-01,-3.20000e-01,
1038,4.40000e-01,-2.80000e-01,
1039,3.40000e-01,-3.60000e-01,
1040,4.00000e-01,-2.80000e-01,
1041,3.00000e-01,-3.60000e-01,
1042,3.80000e-01,-3.20000e-01,
1043,2.80000e-01,-4.00000e-01,
1044,3.40000e-01,-3.60000e-01,
1045,2.20000e-01,-4.40000e-01,
1046,3.20000e-01,-3.60000e-01,
1047,2.00000e-01,-4.40000e-01,
1048,3.00000e-01,-4.00000e-01,
1049,1.80000e-01,-4.80000e-01,
1050,2.60000e-01,-4.40000e-01,
1051,1.40000e-01,-5.20000e-01,
1052,2.20000e-01,-4.80000e-01,
1053,1.20000e-01,-5.60000e-01,
1054,1.80000e-01,-4.80000e-01,
1055,8.00000e-02,-6.00000e-01,
1056,1.60000e-01,-5.60000e-01,
1057,4.00000e-02,-6.40000e-01,
1058,1.40000e-01,-6.00000e-01,
1059,0.00000e+00,-6.80000e-01,
1060,1.00000e-01,-6.00000e-01,
1061,0.00000e+00,-7.20000e-01,
1062,-8.80000e-01,-6.40000e-01,
1063,5.20000e-01,-7.60000e-01,
1064,4.00000e-02,-6.80000e-01,
1065,-1.00000e-01,-7.60000e-01,
1066,2.00000e-02,-7.20000e-01,
1067,-1.00000e-01,-8.00000e-01,
1068,-2.00000e-02,-7.20000e-01,
1069,-1.40000e-01,-8.40000e-01,
1070,-6.00000e-02,-7.60000e-01,
1071,-1.60000e-01,-8.40000e-01,
1072,-8.00000e-02,-8.00000e-01,
1073,-1.80000e-01,-8.80000e-01,
1074,-1.20000e-01,-8.40000e-01,
1075,-2.20000e-01,-9.20000e-01,
1076,-1.40000e-01,-9.20000e-01,
1077,-2.60000e-01,-8.40000e-01,
1078,-3.00000e-01,-8.80000e-01,
1079,-1.40000e-01,-9.60000e-01,
1080,-2.00000e-01,-9.20000e-01,
1081,-3.20000e-01,-1.04000e+00,
1082,-2.20000e-01,-9.60000e-01,
1083,-3.40000e-01,-1.04000e+00,
1084,-2.80000e-01,-1.00000e+00,
1085,-3.80000e-01,-1.08000e+00,
1086,-3.00000e-01,-1.04000e+00,
1087,-4.00000e-01,-1.12000e+00,
1088,-3.00000e-01,-1.04000e+00,
1089,-4.40000e-01,-1.16000e+00,
1090,-3.40000e-01,-1.08000e+00,
1091,-5.00000e-01,-1.16000e+00,
1092,-3.80000e-01,-1.12000e+00,
1093,-5.00000e-01,-1.20000e+00,
1094,-4.20000e-01,-1.12000e+00,
1095,-5.20000e-01,-1.24000e+00,
1096,-4.40000e-01,-1.16000e+00,
1097,-5.40000e-01,-1.24000e+00,
1098,-4.60000e-01,-1.20000e+00,
1099,-5.60000e-01,-1.28000e+00,
1100,-5.00000e-01,-1.20000e+00,
1101,-6.00000e-01,-1.32000e+00,
1102,-5.20000e-01,-1.32000e+00,
1103,-6.20000e-01,-1.24000e+00,
1104,-5.40000e-01,-1.24000e+00,
1105,-6.60000e-01,-1.36000e+00,
1106,-7.00000e-01,-1.36000e+00,
1107,-5.60000e-01,-1.28000e+00,
1108,-5.80000e-01,-1.32000e+00,
1109,-7.00000e-01,-1.44000e+00,
1110,-6.00000e-01,-1.32000e+00,
1111,-7.20000e-01,-1.44000e+00,
1112,-7.20000e-01,-1.40000e+00,
1113,-6.20000e-01,-1.48000e+00,
1114,-6.60000e-01,-1.40000e+00,
1115,-7.60000e-01,-1.48000e+00,
1116,-6.80000e-01,-1.44000e+00,
1117,-7.80000e-01,-1.52000e+00,
1118,-6.80000e-01,-1.44000e+00,
1119,-8.20000e-01,-1.52000e+00,
1120,-7.20000e-01,-1.48000e+00,
1121,-8.40000e-01,-1.56000e+00,
1122,-7.40000e-01,-1.56000e+00,
1123,-8.40000e-01,-1.48000e+00,
1124,-7.40000e-01,-1.52000e+00,
1125,-8.60000e-01,-1.60000e+00,
1126,-7.60000e-01,-1.60000e+00,
1127,-9.00000e-01,-1.52000e+00,
1128,-8.00000e-01,-1.56000e+00,
1129,-9.00000e-01,-1.64000e+00,
1130,-8.20000e-01,-1.56000e+00,
1131,-9.20000e-01,-1.64000e+00,
1132,-8.20000e-01,-1.64000e+00,
1133,-9.20000e-01,-1.56000e+00,
1134,-8.20000e-01,-1.60000e+00,
1135,-9.40000e-01,-1.68000e+00,
1136,-9.40000e-01,-1.68000e+00,
1137,-8.40000e-01,-1.60000e+00,
1138,-8.60000e-01,-1.60000e+00,
1139,-1.00000e+00,-1.68000e+00,
1140,-1.00000e+00,-1.64000e+00,
1141,-8.60000e-01,-1.72000e+00,
1142,-8.80000e-01,-1.64000e+00,
1143,-1.00000e+00,-1.72000e+00,
1144,-9.00000e-01,-1.72000e+00,
1145,-1.00000e+00,-1.64000e+00,
1146,-9.00000e-01,-1.72000e+00,
1147,-1.04000e+00,-1.64000e+00,
1148,-1.02000e+00,-1.72000e+00,
1149,-9.00000e-01,-1.64000e+00,
1150,-1.02000e+00,-1.68000e+00,
1151,-9.20000e-01,-1.76000e+00,
1152,-1.02000e+00,-1.68000e+00,
1153,-9.20000e-01,-1.76000e+00,
1154,-9.20000e-01,-1.68000e+00,
1155,-1.04000e+00,-1.76000e+00,
1156,-1.06000e+00,-1.76000e+00,
1157,-9.40000e-01,-1.68000e+00,
1158,-9.60000e-01,-1.76000e+00,
1159,-1.06000e+00,-1.68000e+00,
1160,-9.60000e-01,-1.76000e+00,
1161,-1.06000e+00,-1.72000e+00,
1162,-9.60000e-01,-1.76000e+00,
1163,-1.06000e+00,-1.72000e+00,
1164,-9.60000e-01,-1.76000e+00,
1165,-1.06000e+00,-1.72000e+00,
1166,-9.40000e-01,-1.72000e+00,
1167,-1.08000e+00,-1.80000e+00,
1168,-1.06000e+00,-1.68000e+00,
1169,-9.40000e-01,-1.80000e+00,
1170,-9.60000e-01,-1.76000e+00,
1171,-1.06000e+00,-1.72000e+00,
1172,-9.60000e-01,-1.76000e+00,
1173,-1.06000e+00,-1.68000e+00,
1174,-9.60000e-01,-1.76000e+00,
1175,-1.06000e+00,-1.68000e+00,
1176,-1.06000e+00,-1.76000e+00,
1177,-9.40000e-01,-1.68000e+00,
1178,-1.02000e+00,-1.68000e+00,
1179,-9.20000e-01,-1.76000e+00,
1180,-1.02000e+00,-1.76000e+00,
1181,-9.20000e-01,-1.68000e+00,
1182,-1.04000e+00,-1.76000e+00,
1183,-9.00000e-01,-1.64000e+00,
1184,-1.04000e+00,-1.68000e+00,
1185,-9.00000e-01,-1.76000e+00,
1186,-1.00000e+00,-1.72000e+00,
1187,-9.00000e-01,-1.64000e+00,
1188,-1.00000e+00,-1.72000e+00,
1189,-8.80000e-01,-1.64000e+00,
1190,-1.00000e+00,-1.64000e+00,
1191,-8.60000e-01,-1.72000e+00,
1192,-8.80000e-01,-1.68000e+00,
1193,-9.80000e-01,-1.64000e+00,
1194,-8.80000e-01,-1.68000e+00,
1195,-9.40000e-01,-1.60000e+00,
1196,-9.40000e-01,-1.60000e+00,
1197,-8.40000e-01,-1.68000e+00,
1198,-9.40000e-01,-1.64000e+00,
1199,-8.20000e-01,-1.60000e+00,
